id;i_d_schedule;in_date_time;out_date_time
1;40984;2021-07-04T19:14:22;2021-07-04T07:09:27
2;21455;2021-07-04T18:49:43;2021-07-04T13:43:34
3;98536;2021-07-05T02:12:25;2021-07-04T20:41:11
4;73075;2021-07-04T16:22:53;2021-07-04T17:59:35
5;24418;2021-07-04T06:38:33;2021-07-04T19:31:36
6;3451;2021-07-04T10:49:30;2021-07-04T07:53:00
7;97920;2021-07-04T21:04:48;2021-07-04T07:31:34
8;63013;2021-07-04T22:00:49;2021-07-04T14:46:49
9;80374;2021-07-04T10:09:37;2021-07-04T23:27:42
10;12260;2021-07-04T08:00:49;2021-07-04T11:55:44
